Campaign,Ad group,Keyword,Match type,Max CPC,Status
binatemizlik2,Yönetici - Bina Temizliği,gaziantep apartman temizliği,Exact,5.00,Enabled
binatemizlik2,Yönetici - Bina Temizliği,gaziantep bina temizliği,Exact,5.00,Enabled
binatemizlik2,Yönetici - Bina Temizliği,apartman temizlik şirketi gaziantep,Exact,5.00,Enabled
binatemizlik2,Yönetici - Bina Temizliği,bina temizlik firması gaziantep,Exact,5.00,Enabled
binatemizlik2,Yönetici - Bina Temizliği,apartman merdiven temizliği gaziantep,Phrase,4.00,Enabled
binatemizlik2,Yönetici - Bina Temizliği,bina çöp toplama gaziantep,Phrase,4.00,Enabled
binatemizlik2,Yönetici - Bina Temizliği,şehitkamil apartman temizliği,Phrase,4.00,Enabled
binatemizlik2,Yönetici - Bina Temizliği,şahinbey bina temizliği,Phrase,4.00,Enabled
binatemizlik2,Yönetici - Bina Temizliği,site temizlik şirketi gaziantep,Phrase,4.00,Enabled
binatemizlik2,Yönetici - Bina Temizliği,apartman yönetici temizlik,Phrase,3.50,Enabled
binatemizlik2,Yönetici - Bina Temizliği,toplu yaşam alanı temizliği gaziantep,Phrase,3.50,Enabled
binatemizlik2,Yönetici - Bina Temizliği,gaziantep apartman temizlik fiyatları,Phrase,4.00,Enabled
